{
	"partitions" : [
		{
			"name" : "Top",
			"pins" : [
				{
					"name" : "solved_dsp[0]",
					"strict" : false
				},
				{
					"name" : "solved_dsp[1]",
					"strict" : false
				},
				{
					"name" : "solved_dsp[2]",
					"strict" : false
				},
				{
					"name" : "solved_dsp[3]",
					"strict" : false
				},
				{
					"name" : "solved_dsp[4]",
					"strict" : false
				},
				{
					"name" : "solved_dsp[5]",
					"strict" : false
				},
				{
					"name" : "solved_dsp[6]",
					"strict" : false
				},
				{
					"name" : "solved_dsp[7]",
					"strict" : false
				},
				{
					"name" : "solved_dsp[8]",
					"strict" : false
				},
				{
					"name" : "solved_dsp[9]",
					"strict" : false
				},
				{
					"name" : "solved_dsp[10]",
					"strict" : false
				},
				{
					"name" : "solved_dsp[11]",
					"strict" : false
				},
				{
					"name" : "rst",
					"strict" : false
				}
			]
		}
	]
}